dateSold,propertyType,lotAreaValue,address,variableData,priceChange,zestimate,imgSrc,price,detailUrl,bedrooms,contingentListingType,longitude,latitude,listingStatus,zpid,rentZestimate,daysOnZillow,bathrooms,livingArea,country,currency,lotAreaUnit,hasImage,listingSubType.is_FSBA,listingSubType.is_openHouse
,SINGLE_FAMILY,3659.04,"3735 Sistine Mews, Dallas, TX 75236",,,396300.0,https://photos.zillowstatic.com/fp/fc0d197d9a0d99dd8558b7011f70f84f-p_e.jpg,399900,/homedetails/3735-Sistine-Mews-Dallas-TX-75236/96533066_zpid/,3,,-96.945656,32.696804,FOR_SALE,96533066,2891.0,6,3,2188,USA,USD,sqft,True,True,
,SINGLE_FAMILY,3484.8,"18405 Hemington Ct, Dallas, TX 75252",,,713900.0,https://photos.zillowstatic.com/fp/91195bd02a43bbe7568443e0ea94edd0-p_e.jpg,729000,/homedetails/18405-Hemington-Ct-Dallas-TX-75252/80050097_zpid/,3,,-96.79829,33.001644,FOR_SALE,80050097,3507.0,9,2,2044,USA,USD,sqft,True,True,
,SINGLE_FAMILY,8886.24,"9722 Burleson Dr, Dallas, TX 75243",,,474800.0,https://photos.zillowstatic.com/fp/c94b30efbeae227da06025d8091f2737-p_e.jpg,485000,/homedetails/9722-Burleson-Dr-Dallas-TX-75243/26888775_zpid/,4,,-96.72035,32.916985,FOR_SALE,26888775,3194.0,6,3,2414,USA,USD,sqft,True,True,
,SINGLE_FAMILY,2178.0,"18156 Frankford Lakes Cir, Dallas, TX 75252",,,498900.0,https://photos.zillowstatic.com/fp/b99f92509c216ae44fcfe3df02710e4f-p_e.jpg,509000,/homedetails/18156-Frankford-Lakes-Cir-Dallas-TX-75252/69632546_zpid/,2,,-96.799324,32.99961,FOR_SALE,69632546,2462.0,3,3,1764,USA,USD,sqft,True,True,
,SINGLE_FAMILY,5183.64,"2823 Colt Ln, Dallas, TX 75237",,,255500.0,https://photos.zillowstatic.com/fp/f8f11f5059ed46f9ebfaf29951179c03-p_e.jpg,259999,/homedetails/2823-Colt-Ln-Dallas-TX-75237/96520726_zpid/,3,,-96.86564,32.65634,FOR_SALE,96520726,1717.0,6,2,1178,USA,USD,sqft,True,True,
,SINGLE_FAMILY,5662.8,"2544 Sundance Ln, Dallas, TX 75287",,-11000.0,337800.0,https://photos.zillowstatic.com/fp/4717609adcb6081b81cd41a781b7dfdc-p_e.jpg,339000,/homedetails/2544-Sundance-Ln-Dallas-TX-75287/55172654_zpid/,3,,-96.87088,32.99525,FOR_SALE,55172654,2253.0,27,2,1403,USA,USD,sqft,True,True,
,SINGLE_FAMILY,7710.12,"5728 Russcrest Dr, Dallas, TX 75227",,,271000.0,https://photos.zillowstatic.com/fp/73d9fdd16fd3dc3b2941a84f83ed522c-p_e.jpg,280000,/homedetails/5728-Russcrest-Dr-Dallas-TX-75227/26905381_zpid/,2,,-96.70384,32.781868,FOR_SALE,26905381,1986.0,10,2,1472,USA,USD,sqft,True,True,
,SINGLE_FAMILY,1437.48,"9487 Olde Towne Row, Dallas, TX 75227",,,,https://photos.zillowstatic.com/fp/63177b81c747e066e7fad0deb90cf33b-p_e.jpg,115000,/homedetails/9487-Olde-Towne-Row-Dallas-TX-75227/26907675_zpid/,1,,-96.65868,32.75171,FOR_SALE,26907675,,23,2,870,USA,USD,sqft,True,True,
,SINGLE_FAMILY,5270.76,"5320 Eagle Heights Dr, Dallas, TX 75212",,,,https://photos.zillowstatic.com/fp/fa26d6944beca66dd7cbac58af707648-p_e.jpg,289000,/homedetails/5320-Eagle-Heights-Dr-Dallas-TX-75212/96498955_zpid/,3,,-96.906334,32.769756,FOR_SALE,96498955,,3,2,1136,USA,USD,sqft,True,True,
,SINGLE_FAMILY,6534.0,"18215 Meandering Way, Dallas, TX 75252",,,548800.0,https://photos.zillowstatic.com/fp/0e26e53a6ab70acd8b7bea59b8a8d1c4-p_e.jpg,560000,/homedetails/18215-Meandering-Way-Dallas-TX-75252/53096109_zpid/,3,,-96.78169,32.999653,FOR_SALE,53096109,2988.0,8,3,2564,USA,USD,sqft,True,True,
,SINGLE_FAMILY,7840.8,"4118 Brooktree Ln, Dallas, TX 75287",,-9000.0,440300.0,https://photos.zillowstatic.com/fp/39aae07cb2956f9a4cbce5bc4577db9a-p_e.jpg,450000,/homedetails/4118-Brooktree-Ln-Dallas-TX-75287/26586269_zpid/,3,,-96.839325,32.98793,FOR_SALE,26586269,3202.0,23,3,2022,USA,USD,sqft,True,True,
,SINGLE_FAMILY,0.32,"7335 Williamswood Dr, Dallas, TX 75252",,,692500.0,https://photos.zillowstatic.com/fp/5e51bc88db8f1777f5396c68cecef8e5-p_e.jpg,720000,/homedetails/7335-Williamswood-Dr-Dallas-TX-75252/26593019_zpid/,4,,-96.776344,32.995872,FOR_SALE,26593019,3666.0,16,3,2593,USA,USD,acres,True,True,
,SINGLE_FAMILY,7623.0,"815 Ranch Rd, Dallas, TX 75253",,,295200.0,https://photos.zillowstatic.com/fp/61a7105edac50d6e1017092406a11c2b-p_e.jpg,300000,/homedetails/815-Ranch-Rd-Dallas-TX-75253/122301054_zpid/,4,,-96.595764,32.692886,FOR_SALE,122301054,2066.0,11,2,1689,USA,USD,sqft,True,True,
,SINGLE_FAMILY,7623.0,"7634 Ashcrest Ln, Dallas, TX 75249",,,295000.0,https://photos.zillowstatic.com/fp/58081e7192310bae98dff8b961beb81c-p_e.jpg,299900,/homedetails/7634-Ashcrest-Ln-Dallas-TX-75249/26891609_zpid/,3,,-96.95676,32.645023,FOR_SALE,26891609,2073.0,5,2,1772,USA,USD,sqft,True,True,
,SINGLE_FAMILY,7623.0,"507 S Marlborough Ave, Dallas, TX 75208",,,681700.0,https://photos.zillowstatic.com/fp/8e5097df5dd3cd27851dd6026effd8e3-p_e.jpg,695000,/homedetails/507-S-Marlborough-Ave-Dallas-TX-75208/26712095_zpid/,4,,-96.851875,32.74102,FOR_SALE,26712095,4031.0,14,3,2486,USA,USD,sqft,True,True,
,SINGLE_FAMILY,5227.2,"18516 Shelton Way, Dallas, TX 75252",,,539200.0,https://photos.zillowstatic.com/fp/f2faca1bcf0d529097a5f63cb441d56f-p_e.jpg,550000,/homedetails/18516-Shelton-Way-Dallas-TX-75252/26637892_zpid/,4,,-96.79806,33.003662,FOR_SALE,26637892,2940.0,9,3,2344,USA,USD,sqft,True,True,
,SINGLE_FAMILY,6969.6,"3724 Vineyard Dr, Dallas, TX 75212",,-24000.0,370100.0,https://photos.zillowstatic.com/fp/e6934ff5b42e28a860cea7aeaae7ee64-p_e.jpg,375000,/homedetails/3724-Vineyard-Dr-Dallas-TX-75212/96519376_zpid/,3,,-96.87577,32.78755,FOR_SALE,96519376,2714.0,30,2,1723,USA,USD,sqft,True,True,
,SINGLE_FAMILY,6534.0,"18060 Kelly Blvd, Dallas, TX 75287",,,393300.0,https://photos.zillowstatic.com/fp/976debcbbb4b82fd21d9dd8814041d13-p_e.jpg,400000,/homedetails/18060-Kelly-Blvd-Dallas-TX-75287/27291929_zpid/,3,,-96.86361,32.99971,FOR_SALE,27291929,2158.0,3,2,1414,USA,USD,sqft,True,True,
,SINGLE_FAMILY,10558.944,"615 S Acres Dr, Dallas, TX 75217",,-40000.0,280000.0,https://photos.zillowstatic.com/fp/19eb48407494514cbfbaafdfbda24384-p_e.jpg,283000,/homedetails/615-S-Acres-Dr-Dallas-TX-75217/67963226_zpid/,4,,-96.63985,32.701584,FOR_SALE,67963226,2048.0,24,2,1842,USA,USD,sqft,True,True,
,SINGLE_FAMILY,5009.4,"13208 Pine Valley Dr, Dallas, TX 75253",,,226500.0,https://photos.zillowstatic.com/fp/4f7fc253f225a931f20a4729717ef573-p_e.jpg,230000,/homedetails/13208-Pine-Valley-Dr-Dallas-TX-75253/69676370_zpid/,3,,-96.61684,32.669167,FOR_SALE,69676370,1832.0,20,2,1317,USA,USD,sqft,True,True,
,SINGLE_FAMILY,5575.68,"1459 Barrel Dr, Dallas, TX 75253",,,251000.0,https://photos.zillowstatic.com/fp/4cbd97fa97688118a766ec072bb2bd62-p_e.jpg,255000,/homedetails/1459-Barrel-Dr-Dallas-TX-75253/303985696_zpid/,3,,-96.58637,32.672184,FOR_SALE,303985696,1982.0,11,2,1332,USA,USD,sqft,True,True,
,SINGLE_FAMILY,1960.2,"1415 Pecos St, Dallas, TX 75204",,,617100.0,https://photos.zillowstatic.com/fp/b8bce11b7fc44cc08690a2c831be4fe8-p_e.jpg,629900,/homedetails/1415-Pecos-St-Dallas-TX-75204/26897826_zpid/,2,,-96.78452,32.79548,FOR_SALE,26897826,2794.0,24,2,1890,USA,USD,sqft,True,True,
,SINGLE_FAMILY,2874.96,"6327 Benavides Dr, Dallas, TX 75217",,,236900.0,https://photos.zillowstatic.com/fp/d4a7ad9c44c821fb3801484ff7e36c75-p_e.jpg,240000,/homedetails/6327-Benavides-Dr-Dallas-TX-75217/80222124_zpid/,3,,-96.71273,32.715553,FOR_SALE,80222124,1787.0,7,3,1591,USA,USD,sqft,True,True,
,SINGLE_FAMILY,5662.8,"18743 Gibbons Dr, Dallas, TX 75287",,,589800.0,https://photos.zillowstatic.com/fp/84cb59a5c1a248262bb326bcc6cd12d8-p_e.jpg,599000,/homedetails/18743-Gibbons-Dr-Dallas-TX-75287/26662246_zpid/,4,,-96.832466,33.006695,FOR_SALE,26662246,4196.0,16,3,2809,USA,USD,sqft,True,True,
,SINGLE_FAMILY,4835.16,"3536 Wilbarger Dr, Dallas, TX 75227",,,225300.0,https://photos.zillowstatic.com/fp/acc96a63f8109e82d2787ea267dc80b9-p_e.jpg,229900,/homedetails/3536-Wilbarger-Dr-Dallas-TX-75227/26909288_zpid/,3,,-96.66031,32.766712,FOR_SALE,26909288,1910.0,25,2,1347,USA,USD,sqft,True,True,
,SINGLE_FAMILY,0.4,"18343 Frankford Lakes Cir, Dallas, TX 75252",,-9750.0,536900.0,https://photos.zillowstatic.com/fp/c867b64ffe09bda7d99af2f0ba9efc54-p_e.jpg,545000,/homedetails/18343-Frankford-Lakes-Cir-Dallas-TX-75252/80058281_zpid/,3,,-96.7998,32.999912,FOR_SALE,80058281,3271.0,3,3,2575,USA,USD,acres,True,True,
,SINGLE_FAMILY,5488.56,"1212 La Rioja Dr, Dallas, TX 75217",,,298000.0,https://photos.zillowstatic.com/fp/ec6507d37885d9cf2f103c515c78d845-p_e.jpg,299000,/homedetails/1212-La-Rioja-Dr-Dallas-TX-75217/83998297_zpid/,4,,-96.66597,32.69224,FOR_SALE,83998297,2252.0,11,2,1832,USA,USD,sqft,True,True,
,SINGLE_FAMILY,3920.4,"4170 Midrose Trl, Dallas, TX 75287",,,,https://photos.zillowstatic.com/fp/837f89f91b167a173bbd89384ac76957-p_e.jpg,475000,/homedetails/4170-Midrose-Trl-Dallas-TX-75287/26661238_zpid/,2,,-96.83922,33.01063,FOR_SALE,26661238,,10,2,1594,USA,USD,sqft,True,True,
,SINGLE_FAMILY,2221.56,"8263 Nunley Ln, Dallas, TX 75231",,,679400.0,https://photos.zillowstatic.com/fp/d633525270f36e5d65ae5528bee2c84b-p_e.jpg,690000,/homedetails/8263-Nunley-Ln-Dallas-TX-75231/244055312_zpid/,3,,-96.76217,32.89064,FOR_SALE,244055312,3536.0,29,3,2049,USA,USD,sqft,True,True,
,SINGLE_FAMILY,0.258,"9039 Windy Crest Dr, Dallas, TX 75243",,,632800.0,https://photos.zillowstatic.com/fp/8cc8dc5fe39e510b2b5eb95f6eee903e-p_e.jpg,649000,/homedetails/9039-Windy-Crest-Dr-Dallas-TX-75243/26869779_zpid/,4,,-96.74468,32.90748,FOR_SALE,26869779,3368.0,24,3,2487,USA,USD,acres,True,True,
,SINGLE_FAMILY,5706.36,"2120 Ash Grove Way, Dallas, TX 75228",,,632100.0,https://photos.zillowstatic.com/fp/b85c317c9a7788dee0cb7a00a937335f-p_e.jpg,642999,/homedetails/2120-Ash-Grove-Way-Dallas-TX-75228/53389860_zpid/,3,,-96.703476,32.812393,FOR_SALE,53389860,2966.0,10,3,2497,USA,USD,sqft,True,True,
,SINGLE_FAMILY,5401.44,"1922 Beach Dr, Grand Prairie, TX 75051",,,375200.0,https://photos.zillowstatic.com/fp/522d49589de59df5b32ad299feb37c6f-p_e.jpg,379900,/homedetails/1922-Beach-Dr-Grand-Prairie-TX-75051/96495664_zpid/,3,,-96.97553,32.717636,FOR_SALE,96495664,2360.0,17,2,1816,USA,USD,sqft,True,True,
,SINGLE_FAMILY,2003.76,"3528 Miles St, Dallas, TX 75209",,,564900.0,https://photos.zillowstatic.com/fp/99860f5df776825dd346d5f3815c2203-p_e.jpg,575000,/homedetails/3528-Miles-St-Dallas-TX-75209/67954523_zpid/,3,,-96.82162,32.826923,FOR_SALE,67954523,3353.0,16,3,1800,USA,USD,sqft,True,True,
,SINGLE_FAMILY,1611.72,"5366 Bowser Ave, Dallas, TX 75209",,,711000.0,https://photos.zillowstatic.com/fp/47c89e0e9139e86a38d19e74547cc79e-p_e.jpg,725000,/homedetails/5366-Bowser-Ave-Dallas-TX-75209/162815898_zpid/,3,,-96.8211,32.82711,FOR_SALE,162815898,4275.0,7,4,2075,USA,USD,sqft,True,True,
,SINGLE_FAMILY,5828.328,"6411 American Way, Dallas, TX 75237",,,,https://photos.zillowstatic.com/fp/13b370eae7d5a905b28b8ffbee0998c9-p_e.jpg,281000,/homedetails/6411-American-Way-Dallas-TX-75237/80236097_zpid/,3,,-96.884544,32.67167,FOR_SALE,80236097,,25,2,1268,USA,USD,sqft,True,True,True
,SINGLE_FAMILY,3484.8,"6032 Thursby Ave, Dallas, TX 75252",,,531200.0,https://photos.zillowstatic.com/fp/6cae1618dfe76d221238199bd8aa88df-p_e.jpg,540000,/homedetails/6032-Thursby-Ave-Dallas-TX-75252/53089570_zpid/,3,,-96.80049,32.999355,FOR_SALE,53089570,2823.0,10,3,1876,USA,USD,sqft,True,True,
,SINGLE_FAMILY,7492.32,"10330 Cricket Dr, Dallas, TX 75217",,,,https://photos.zillowstatic.com/fp/f1c9313e4a18d0a01ef98c8b99a32203-p_e.jpg,275000,/homedetails/10330-Cricket-Dr-Dallas-TX-75217/26860352_zpid/,3,,-96.64622,32.711365,FOR_SALE,26860352,,27,2,1343,USA,USD,sqft,True,True,
,SINGLE_FAMILY,9583.2,"7340 Williamswood Dr, Dallas, TX 75252",,-9500.0,630200.0,https://photos.zillowstatic.com/fp/62353d9d273bd32e5d070f06bfb03bf1-p_e.jpg,649500,/homedetails/7340-Williamswood-Dr-Dallas-TX-75252/26592984_zpid/,4,,-96.77625,32.995358,FOR_SALE,26592984,3948.0,23,3,2973,USA,USD,sqft,True,True,
,SINGLE_FAMILY,5248.98,"13726 Creek Crossing Dr, Dallas, TX 75253",,,250700.0,https://photos.zillowstatic.com/fp/74d6d331b48206241122275e3a1c6d56-p_e.jpg,255000,/homedetails/13726-Creek-Crossing-Dr-Dallas-TX-75253/96517412_zpid/,4,,-96.60294,32.672333,FOR_SALE,96517412,2077.0,25,2,1439,USA,USD,sqft,True,True,
,SINGLE_FAMILY,2003.76,"2550 Wedglea Dr, Dallas, TX 75211",,-7500.0,389400.0,https://photos.zillowstatic.com/fp/52b76f9c8942344bea602625cd5a5486-p_e.jpg,392500,/homedetails/2550-Wedglea-Dr-Dallas-TX-75211/69675080_zpid/,3,,-96.86195,32.756516,FOR_SALE,69675080,2301.0,26,2,1600,USA,USD,sqft,True,True,
,SINGLE_FAMILY,7492.32,"5226 Freestone Cir, Dallas, TX 75227",,,372600.0,https://photos.zillowstatic.com/fp/e24a3c7833b0f3cf58093aa124d034d8-p_e.jpg,384000,/homedetails/5226-Freestone-Cir-Dallas-TX-75227/26904795_zpid/,4,,-96.68648,32.78909,FOR_SALE,26904795,2555.0,24,2,1980,USA,USD,sqft,True,True,
